Entry	Gene Names (primary)
A0A0C5B5G6	MT-RNR1
A0AVK6	E2F8
A0JLT2	MED19
A0PJY2	FEZF1
A1A519	FAM170A
A5YKK6	CNOT1
A6H8Y1	BDP1
A6NCS4	NKX2-6
A6NI15	MSGN1
A6NIX2	WTIP
A6NKF2	ARID3C
A8K830	POU2AF3
A8K8V0	ZNF785
A8MTJ6	FOXI3
A8MTQ0	NOTO
A8MV65	VGLL3
A9YTQ3	AHRR
B2RXF5	ZBTB42
B2RXH2	KDM4E
D6RGH6	MCIDAS
O00167	EYA2
O00213	APBB1
O00255	MEN1
O00257	CBX4
O00267	SUPT5H
O00268	TAF4
O00291	HIP1
O00327	BMAL1
O00358	FOXE1
O00401	WASL
O00409	FOXN3
O00422	SAP18
O00472	ELL2
O00482	NR5A2
O00488	ZNF593
O00571	DDX3X
O00625	PIR
O00712	NFIB
O00716	E2F3
O14497	ARID1A
O14503	BHLHE40
O14519	CDK2AP1
O14529	CUX2
O14593	RFXANK
O14627	CDX4
O14628	ZNF195
O14646	CHD1
O14647	CHD2
O14686	KMT2D
O14713	ITGB1BP1
O14744	PRMT5
O14770	MEIS2
O14771	ZNF213
O14776	TCERG1
O14813	PHOX2A
O14867	BACH1
O14896	IRF6
O14901	KLF11
O14948	TFEC
O14978	ZNF263
O14979	HNRNPDL
O15014	ZNF609
O15015	ZNF646
O15047	SETD1A
O15055	PER2
O15060	ZBTB39
O15062	ZBTB5
O15105	SMAD7
O15119	TBX3
O15156	ZBTB7B
O15164	TRIM24
O15178	TBXT
O15198	SMAD9
O15209	ZBTB22
O15226	NKRF
O15264	MAPK13
O15265	ATXN7
O15266	SHOX
O15347	HMGB3
O15350	TP73
O15353	FOXN1
O15370	SOX12
O15379	HDAC3
O15391	YY2
O15392	BIRC5
O15405	TOX3
O15409	FOXP2
O15516	CLOCK
O15525	MAFG
O15530	PDPK1
O15534	PER1
O15535	ZSCAN9
O43149	ZZEF1
O43159	RRP8
O43167	ZBTB24
O43186	CRX
O43189	PHF1
O43248	HOXC11
O43293	DAPK3
O43296	ZNF264
O43298	ZBTB43
O43309	ZSCAN12
O43313	ATMIN
O43316	PAX4
O43318	MAP3K7
O43364	HOXA2
O43435	TBX1
O43439	CBFA2T2
O43463	SUV39H1
O43474	KLF4
O43513	MED7
O43524	FOXO3
O43541	SMAD6
O43593	HR
O43623	SNAI2
O43680	TCF21
O43709	BUD23
O43719	HTATSF1
O43823	AKAP8
O43829	ZBTB14
O43889	CREB3
O43918	AIRE
O60216	RAD21
O60244	MED14
O60248	SOX15
O60260	PRKN
O60281	ZNF292
O60284	ST18
O60304	ZNF500
O60315	ZEB2
O60341	KDM1A
O60356	NUPR1
O60381	HBP1
O60393	NOBOX
O60479	DLX3
O60481	ZIC3
O60519	CREBL2
O60543	CIDEA
O60548	FOXD2
O60563	CCNT1
O60583	CCNT2
O60663	LMX1B
O60675	MAFK
O60682	MSC
O60711	LPXN
O60716	CTNND1
O60806	TBX19
O60828	PQBP1
O60829	PAGE4
O60869	EDF1
O60885	BRD4
O60907	TBL1X
O75030	MITF
O75081	CBFA2T3
O75132	ZBED4
O75151	PHF2
O75164	KDM4A
O75175	CNOT3
O75177	SS18L1
O75182	SIN3B
O75362	ZNF217
O75364	PITX3
O75376	NCOR1
O75398	DEAF1
O75444	MAF
O75446	SAP30
O75448	MED24
O75460	ERN1
O75461	E2F6
O75469	NR1I2
O75475	PSIP1
O75478	TADA2A
O75486	SUPT3H
O75525	KHDRBS3
O75528	TADA3
O75529	TAF5L
O75530	EED
O75586	MED6
O75593	FOXH1
O75603	GCM2
O75618	DEDD
O75626	PRDM1
O75840	KLF7
O75909	CCNK
O75925	PIAS1
O75928	PIAS2
O75971	SNAPC5
O76054	SEC14L2
O94763	URI1
O94805	ACTL6B
O94842	TOX4
O94864	SUPT7L
O94892	ZNF432
O94900	TOX
O94915	FRYL
O94916	NFAT5
O94953	KDM4B
O94983	CAMTA2
O94992	HEXIM1
O94993	SOX30
O95073	FSBP
O95104	SCAF4
O95125	ZNF202
O95201	ZNF205
O95238	SPDEF
O95251	KAT7
O95343	SIX3
O95365	ZBTB7A
O95402	MED26
O95409	ZIC2
O95416	SOX14
O95503	CBX6
O95600	KLF8
O95619	YEATS4
O95633	FSTL3
O95644	NFATC1
O95677	EYA4
O95718	ESRRB
O95905	ECD
O95931	CBX7
O95935	TBX18
O95936	EOMES
O95947	TBX6
O95948	ONECUT2
O95983	MBD3
O96004	HAND1
O96006	ZBED1
O96017	CHEK2
O96019	ACTL6A
O96028	NSD2
P01106	MYC
P02788	LTF
P03372	ESR1
P04150	NR3C1
P04198	MYCN
P04626	ERBB2
P04637	TP53
P05412	JUN
P05549	TFAP2A
P05771	PRKCB
P06400	RB1
P06401	PGR
P06733	ENO1
P08047	SP1
P08151	GLI1
P08235	NR3C2
P08651	NFIC
P09016	HOXD4
P09017	HOXC4
P09067	HOXB5
P09086	POU2F2
P09629	HOXB7
P09874	PARP1
P0C1Z6	TFPT
P0C7T5	ATXN1L
P0C7X2	ZNF688
P0DME0	SETSIP
P10070	GLI2
P10071	GLI3
P10073	ZSCAN22
P10074	ZBTB48
P10242	MYB
P10243	MYBL1
P10244	MYBL2
P10275	AR
P10276	RARA
P10588	NR2F6
P10589	NR2F1
P10599	TXN
P10826	RARB
P10827	THRA
P10828	THRB
P10914	IRF1
P11142	HSPA8
P11161	EGR2
P11308	ERG
P11362	FGFR1
P11473	VDR
P11474	ESRRA
P11831	SRF
P12956	XRCC6
P12980	LYL1
P13010	XRCC5
P13056	NR2C1
P13349	MYF5
P13378	HOXD8
P13631	RARG
P13682	ZNF35
P13984	GTF2F2
P14316	IRF2
P14373	TRIM27
P14651	HOXB3
P14652	HOXB2
P14653	HOXB1
P14859	POU2F1
P14921	ETS1
P15036	ETS2
P15172	MYOD1
P15173	MYOG
P15336	ATF2
P15408	FOSL2
P15622	ZNF250
P15822	HIVEP1
P15863	PAX1
P15884	TCF4
P15923	TCF3
P15976	GATA1
P16220	CREB1
P16989	YBX3
P17010	ZFX
P17014	ZNF12
P17020	ZNF16
P17021	ZNF17
P17023	ZNF19
P17024	ZNF20
P17027	ZNF23
P17028	ZNF24
P17030	ZNF25
P17036	ZNF3
P17040	ZSCAN20
P17041	ZNF32
P17096	HMGA1
P17275	JUNB
P17480	UBTF
P17482	HOXB9
P17483	HOXB4
P17509	HOXB6
P17535	JUND
P17542	TAL1
P17544	ATF7
P17676	CEBPB
P17844	DDX5
P17861	XBP1
P17947	SPI1
P18074	ERCC2
P18146	EGR1
P18615	NELFE
P18846	ATF1
P18847	ATF3
P18848	ATF4
P18850	ATF6
P19419	ELK1
P19447	ERCC3
P19484	TFEB
P19525	EIF2AK2
P19532	TFE3
P19544	WT1
P19784	CSNK2A2
P19793	RXRA
P19838	NFKB1
P20226	TBP
P20264	POU3F3
P20265	POU3F2
P20290	BTF3
P20393	NR1D1
P20719	HOXA5
P20749	BCL3
P20794	MAK
P20823	HNF1A
P21675	TAF1
P22392	NME2
P22415	USF1
P22670	RFX1
P22736	NR4A1
P23193	TCEA1
P23246	SFPQ
P23396	RPS3
P23497	SP100
P23511	NFYA
P23759	PAX7
P23760	PAX3
P23769	GATA2
P23771	GATA3
P24278	ZBTB25
P24385	CCND1
P24468	NR2F2
P24863	CCNC
P25208	NFYB
P25440	BRD2
P25490	YY1
P26358	DNMT1
P26367	PAX6
P26583	HMGB2
P27540	ARNT
P27695	APEX1
P28069	POU1F1
P28324	ELK4
P28347	TEAD1
P28356	HOXD9
P28358	HOXD10
P28360	MSX1
P28370	SMARCA1
P28482	MAPK1
P28698	MZF1
P28702	RXRB
P28749	RBL1
P29083	GTF2E1
P29084	GTF2E2
P29374	ARID4A
P29375	KDM5A
P29590	PML
P29692	EEF1D
P30281	CCND3
P31249	HOXD3
P31260	HOXA10
P31268	HOXA7
P31269	HOXA9
P31270	HOXA11
P31271	HOXA13
P31273	HOXC8
P31274	HOXC9
P31276	HOXC13
P31629	HIVEP2
P32519	ELF1
P32780	GTF2H1
P33076	CIITA
P35222	CTNNB1
P35226	BMI1
P35227	PCGF2
P35251	RFC1
P35269	GTF2F1
P35398	RORA
P35452	HOXD12
P35453	HOXD13
P35548	MSX2
P35638	DDIT3
P35680	HNF1B
P35711	SOX5
P35712	SOX6
P35713	SOX18
P35716	SOX11
P35789	ZNF93
P35869	AHR
P36402	TCF7
P36508	ZNF76
P36956	SREBF1
P37231	PPARG
P37275	ZEB1
P38398	BRCA1
P38935	IGHMBP2
P39687	ANP32A
P39880	CUX1
P40305	IFI27
P40424	PBX1
P40425	PBX2
P40426	PBX3
P40763	STAT3
P41134	ID1
P41162	ETV3
P41182	BCL6
P41212	ETV6
P41218	MNDA
P41223	BUD31
P41225	SOX3
P41229	KDM5C
P41235	HNF4A
P41970	ELK3
P42224	STAT1
P42226	STAT6
P42229	STAT5A
P42568	MLLT3
P42681	TXK
P42704	LRPPRC
P43268	ETV4
P43354	NR4A2
P43355	MAGEA1
P43356	MAGEA2; MAGEA2B
P43694	GATA4
P43699	NKX2-1
P46100	ATRX
P46531	NOTCH1
P46937	YAP1
P47902	CDX1
P47928	ID4
P48023	FASLG
P48378	RFX2
P48380	RFX3
P48382	RFX5
P48431	SOX2
P48436	SOX9
P48443	RXRG
P48552	NRIP1
P48742	LHX1
P49116	NR2C2
P49335	POU3F4
P49336	CDK8
P49407	ARRB1
P49591	SARS1
P49639	HOXA1
P49711	CTCF
P49715	CEBPA
P49716	CEBPD
P49773	HINT1
P49789	FHIT
P49848	TAF6
P49903	SEPHS1
P49910	ZNF165
P50219	MNX1
P50221	MEOX1
P50222	MEOX2
P50458	LHX2
P50461	CSRP3
P50539	MXI1
P50548	ERF
P50549	ETV1
P50553	ASCL1
P50613	CDK7
P50750	CDK9
P51449	RORC
P51531	SMARCA2
P51532	SMARCA4
P51608	MECP2
P51692	STAT5B
P51814	ZNF41
P51825	AFF1
P51826	AFF3
P51843	NR0B1
P51858	HDGF
P51946	CCNH
P51948	MNAT1
P52564	MAP2K6
P52630	STAT2
P52655	GTF2A1
P52657	GTF2A2
P52736	ZNF133
P52738	ZNF140
P52739	ZBTB35
P52742	ZNF135
P52744	ZNF138
P52747	ZNF143
P52926	HMGA2
P52945	PDX1
P52954	LBX1
P53567	CEBPG
P53778	MAPK12
P53999	SUB1
P54198	HIRA
P54252	ATXN3
P54253	ATXN1
P54259	ATN1
P54646	PRKAA2
P54845	NRL
P55055	NR1H2
P55197	MLLT10
P55199	ELL
P55201	BRPF1
P55316	FOXG1
P55317	FOXA1
P55318	FOXA3
P55347	PKNOX1
P55771	PAX9
P56177	DLX1
P56178	DLX5
P56270	MAZ
P56524	HDAC4
P56545	CTBP2
P56645	PER3
P56693	SOX10
P57055	RIPPLY3
P57071	PRDM15
P57073	SOX8
P57082	TBX4
P57682	KLF3
P57764	GSDMD
P58012	FOXL2
P58304	VSX2
P59817	ZNF280A
P59923	ZNF445
P60008	H1-9P
P61244	MAX
P61296	HAND2
P61371	ISL1
P61457	PCBD1
P61964	WDR5
P61968	LMO4
P61978	HNRNPK
P62380	TBPL1
P62508	ESRRG
P62633	CNBP
P63167	DYNLL1
P63272	SUPT4H1
P67809	YBX1
P68036	UBE2L3
P68104	EEF1A1
P68400	CSNK2A1
P78317	RNF4
P78337	PITX1
P78347	GTF2I
P78367	NKX3-2
P78395	PRAME
P78415	IRX3
P78424	POU6F2
P78426	NKX6-1
P78543	BTG2
P78545	ELF3
P80192	MAP3K9
P82094	TMF1
P82979	SARNP
P84022	SMAD3
P84550	SKOR1
P85037	FOXK1
P86452	ZBED6
P98168	ZXDA
P98177	FOXO4
P98182	ZNF200
Q00056	HOXA4
Q00059	TFAM
Q00403	GTF2B
Q00444	HOXC5
Q00577	PURA
Q00613	HSF1
Q00653	NFKB2
Q00839	HNRNPU
Q00978	IRF9
Q01094	E2F1
Q01101	INSM1
Q01167	FOXK2
Q01196	RUNX1
Q01201	RELB
Q01538	MYT1
Q01543	FLI1
Q01658	DR1
Q01664	TFAP4
Q01826	SATB1
Q01831	XPC
Q01844	EWSR1
Q01851	POU4F1
Q01860	POU5F1
Q01892	SPIB
Q01954	BNC1
Q02078	MEF2A
Q02080	MEF2B
Q02086	SP2
Q02363	ID2
Q02446	SP4
Q02447	SP3
Q02535	ID3
Q02548	PAX5
Q02556	IRF8
Q02575	NHLH1
Q02577	NHLH2
Q02930	CREB5
Q02962	PAX2
Q03014	HHEX
Q03052	POU3F1
Q03060	CREM
Q03111	MLLT1
Q03112	MECOM
Q03164	KMT2A
Q03181	PPARD
Q03468	ERCC6
Q03923	ZNF85
Q03933	HSF2
Q03989	ARID5A
Q04206	RELA
Q04721	NOTCH2
Q04724	TLE1
Q04725	TLE2
Q04726	TLE3
Q04727	TLE4
Q04864	REL
Q05066	SRY
Q05195	MXD1
Q05215	EGR4
Q05481	ZNF91
Q05516	ZBTB16
Q05BQ5	MBTD1
Q06187	BTK
Q06330	RBPJ
Q06413	MEF2C
Q06416	POU5F1B
Q06455	RUNX1T1
Q06546	GABPA
Q06547	GABPB1
Q06587	RING1
Q06710	PAX8
Q06730	ZNF33A
Q06889	EGR3
Q06945	SOX4
Q07021	C1QBP
Q07666	KHDRBS1
Q07687	DLX2
Q07869	PPARA
Q08050	FOXM1
Q08117	TLE5
Q08211	DHX9
Q08945	SSRP1
Q08999	RBL2
Q08AG5	ZNF844
Q09028	RBBP4
Q09472	EP300
Q09FC8	ZNF415
Q0D2K3	RIPPLY1
Q0VG99	MESP2
Q10571	MN1
Q10586	DBP
Q10587	TEF
Q12772	SREBF2
Q12778	FOXO1
Q12800	TFCP2
Q12824	SMARCB1
Q12830	BPTF
Q12837	POU4F2
Q12857	NFIA
Q12870	TCF15
Q12873	CHD3
Q12888	TP53BP1
Q12905	ILF2
Q12906	ILF3
Q12946	FOXF1
Q12947	FOXF2
Q12948	FOXC1
Q12951	FOXI1
Q12952	FOXL1
Q12962	TAF10
Q12968	NFATC3
Q12972	PPP1R8
Q12986	NFX1
Q13029	PRDM2
Q13045	FLII
Q13105	ZBTB17
Q13118	KLF10
Q13127	REST
Q13129	RLF
Q13131	PRKAA1
Q13133	NR1H3
Q13148	TARDBP
Q13185	CBX3
Q13207	TBX2
Q13227	GPS2
Q13263	TRIM28
Q13285	NR5A1
Q13330	MTA1
Q13351	KLF1
Q13352	ITGB3BP
Q13360	ZNF177
Q13363	CTBP1
Q13422	IKZF1
Q13461	FOXE3
Q13469	NFATC2
Q13485	SMAD4
Q13487	SNAPC2
Q13490	BIRC2
Q13495	MAMLD1
Q13503	MED21
Q13516	OLIG2
Q13547	HDAC1
Q13562	NEUROD1
Q13568	IRF5
Q13569	TDG
Q13573	SNW1
Q13610	PWP1
Q13627	DYRK1A
Q13643	FHL3
Q13686	ALKBH1
Q13761	RUNX3
Q13772	NCOA4
Q13886	KLF9
Q13887	KLF5
Q13888	GTF2H2
Q13889	GTF2H3
Q13901	C1D
Q13950	RUNX2
Q13952	NFYC
Q14005	IL16
Q14103	HNRNPD
Q14119	VEZF1
Q14135	VGLL4
Q14140	SERTAD2
Q14151	SAFB2
Q14186	TFDP1
Q14188	TFDP2
Q14190	SIM2
Q14192	FHL2
Q14207	NPAT
Q14209	E2F2
Q14241	ELOA
Q14469	HES1
Q14494	NFE2L1
Q14498	RBM39
Q14526	HIC1
Q14541	HNF4G
Q14584	ZNF266
Q14585	ZNF345
Q14587	ZNF268
Q14592	ZNF460
Q14653	IRF3
Q14678	KANK1
Q14684	RRP1B
Q14686	NCOA6
Q14693	LPIN1
Q14765	STAT4
Q14774	HLX
Q14781	CBX2
Q14814	MEF2D
Q14839	CHD4
Q14863	POU6F1
Q14865	ARID5B
Q14872	MTF1
Q14919	DRAP1
Q14934	NFATC4
Q14938	NFIX
Q14966	ZNF638
Q14994	NR1I3
Q14995	NR1D2
Q14CW9	ATXN7L3
Q15014	MORF4L2
Q15022	SUZ12
Q15047	SETDB1
Q15059	BRD3
Q15061	WDR43
Q15170	TCEAL1
Q15233	NONO
Q15291	RBBP5
Q15303	ERBB4
Q15306	IRF4
Q15319	POU4F3
Q15326	ZMYND11
Q15329	E2F5
Q15369	ELOC
Q15370	ELOB
Q15406	NR6A1
Q15424	SAFB
Q15466	NR0B2
Q15475	SIX1
Q15528	MED22
Q15532	SS18
Q15542	TAF5
Q15543	TAF13
Q15544	TAF11
Q15545	TAF7
Q15560	TCEA2
Q15561	TEAD4
Q15562	TEAD2
Q15572	TAF1C
Q15573	TAF1A
Q15583	TGIF1
Q15596	NCOA2
Q15637	SF1
Q15648	MED1
Q15650	TRIP4
Q15652	JMJD1C
Q15654	TRIP6
Q15672	TWIST1
Q15678	PTPN14
Q15697	ZNF174
Q15699	ALX1
Q15714	TSC22D1
Q15723	ELF2
Q15742	NAB2
Q15744	CEBPE
Q15759	MAPK11
Q15776	ZKSCAN8
Q15784	NEUROD2
Q15788	NCOA1
Q15796	SMAD2
Q15797	SMAD1
Q15834	CCDC85B
Q15853	USF2
Q15906	VPS72
Q15910	EZH2
Q15911	ZFHX3
Q15915	ZIC1
Q15916	ZBTB6
Q15928	ZNF141
Q15973	ZNF124
Q16236	NFE2L2
Q16254	E2F4
Q16384	SSX1
Q16385	SSX2; SSX2B
Q16512	PKN1
Q16513	PKN2
Q16514	TAF12
Q16520	BATF
Q16526	CRY1
Q16533	SNAPC1
Q16534	HLF
Q16539	MAPK14
Q16576	RBBP7
Q16587	ZNF74
Q16594	TAF9
Q16600	ZNF239
Q16621	NFE2
Q16633	POU2AF1
Q16649	NFIL3
Q16650	TBR1
Q16656	NRF1
Q16665	HIF1A
Q16666	IFI16
Q16670	ZSCAN26
Q16676	FOXD1
Q16849	PTPRN
Q17R98	ZNF827
Q2KHR2	RFX7
Q2M1K9	ZNF423
Q2M1V0	ISX
Q2QGD7	ZXDC
Q2TAL8	QRICH1
Q2TB10	ZNF800
Q2VWA4	SKOR2
Q32MQ0	ZNF750
Q32MZ4	LRRFIP1
Q33E94	RFX4
Q3B7T1	EDRF1
Q3KNS6	ZNF829
Q3KNV8	PCGF3
Q3KQV3	ZNF792
Q3L8U1	CHD9
Q3MJ62	ZSCAN23
Q3SY56	SP6
Q3SYB3	FOXD4L6
Q3T8J9	GON4L
Q460N3	PARP15
Q460N5	PARP14
Q49AM1	MTERF2
Q49AN0	CRY2
Q4FZB7	KMT5B
Q4G0J3	LARP7
Q4LE39	ARID4B
Q4VC44	FLYWCH1
Q53ET0	CRTC2
Q53H80	AKIRIN2
Q53QV2	LBH
Q53T94	TAF1B
Q53TQ3	INO80D
Q58F21	BRDT
Q5BKX8	CAVIN4
Q5BKZ1	ZNF326
Q5D1E8	ZC3H12A
Q5H9F3	BCORL1
Q5H9I0	TFDP3
Q5JUK2	SOHLH1
Q5JVS0	HABP4
Q5PRF9	SAMD4B
Q5PSV4	BRMS1L
Q5QJE6	DNTTIP2
Q5SQQ9	VAX1
Q5SXM2	SNAPC4
Q5T0F9	CC2D1B
Q5T1R4	HIVEP3
Q5T230	UTF1
Q5T3J3	LRIF1
Q5T5X7	BEND3
Q5T619	ZNF648
Q5T6S3	PHF19
Q5T7W0	ZNF618
Q5TA89	HES5
Q5TB30	DEPDC1
Q5TGY3	AHDC1
Q5THR3	EFCAB6
Q5VTD9	GFI1B
Q5VUA4	ZNF318
Q5VV67	PPRC1
Q5VVJ2	MYSM1
Q5VWG9	TAF3
Q5VWX1	KHDRBS2
Q5VY09	IER5
Q5XKR4	OTP
Q63HK5	TSHZ3
Q63ZY3	KANK2
Q659A1	ICE2
Q66K89	E4F1
Q68CJ9	CREB3L3
Q68CP9	ARID2
Q68D10	SPTY2D1
Q68EA5	ZNF57
Q68G74	LHX8
Q6AWC2	WWC2
Q6B0I6	KDM4D
Q6DJT9	PLAG1
Q6IE81	JADE1
Q6ISB3	GRHL2
Q6KC79	NIPBL
Q6MZP7	LIN54
Q6N043	ZNF280D
Q6NSW7	NANOGP8
Q6NT76	HMBOX1
Q6NUJ5	PWWP2B
Q6NUN9	ZNF746
Q6NX45	ZNF774
Q6NYC1	JMJD6
Q6NZI2	CAVIN1
Q6P1J9	CDC73
Q6P1K2	PMF1
Q6P1L6	ZNF343
Q6P1N0	CC2D1A
Q6P1X5	TAF2
Q6P2C8	MED27
Q6P2D0	ZFP1
Q6P4R8	NFRKB
Q6P9G9	ZNF449
Q6PD62	CTR9
Q6PEW1	ZCCHC12
Q6PI98	INO80C
Q6PIV2	FOXR1
Q6PJG2	MIDEAS
Q6PL18	ATAD2
Q6PML9	SLC30A9
Q6Q0C0	TRAF7
Q6QHK4	FIGLA
Q6RFH8	DUX4L9
Q6STE5	SMARCD3
Q6U7Q0	ZNF322
Q6UUV7	CRTC3
Q6UUV9	CRTC1
Q6UXN9	WDR82
Q6VMQ6	ATF7IP
Q6W2J9	BCOR
Q6XD76	ASCL4
Q6ZMS7	ZNF783
Q6ZMT4	KDM7A
Q6ZN18	AEBP2
Q6ZN30	BNC2
Q6ZN57	ZFP2
Q6ZNG0	ZNF620
Q6ZNH5	ZNF497
Q6ZRS2	SRCAP
Q6ZSB9	ZBTB49
Q6ZVD7	STOX1
Q6ZW49	PAXIP1
Q6ZYL4	GTF2H5
Q70SY1	CREB3L2
Q719H9	KCTD1
Q71F23	CENPU
Q71F56	MED13L
Q71SY5	MED25
Q76L83	ASXL2
Q76MJ5	ERN2
Q7KZF4	SND1
Q7L190	DPPA4
Q7L1Q6	BZW1
Q7L2R6	ZNF765
Q7L4P6	BEND5
Q7LBC6	KDM3B
Q7RTS3	PTF1A
Q7RTU3	OLIG3
Q7RTU4	BHLHA9
Q7RTU7	SCX
Q7RTV0	PHF5A
Q7Z3I7	ZNF572
Q7Z3K6	MIER3
Q7Z401	DENND4A
Q7Z4G1	COMMD6
Q7Z4V0	ZNF438
Q7Z589	EMSY
Q7Z591	AKNA
Q7Z5H3	ARHGAP22
Q7Z5L9	IRF2BP2
Q7Z6K1	THAP5
Q7Z6R9	TFAP2D
Q7Z7C7	STRA8
Q7Z7C8	TAF8
Q86SE9	PCGF5
Q86T24	ZBTB33
Q86TJ2	TADA2B
Q86U06	RBM23
Q86U86	PBRM1
Q86UD4	ZNF329
Q86UP3	ZFHX4
Q86UQ8	NFE4
Q86UU0	BCL9L
Q86V15	CASZ1
Q86VE0	MYPOP
Q86VK4	ZNF410
Q86VN1	VPS36
Q86VX2	COMMD7
Q86VZ6	JAZF1
Q86W11	ZSCAN30
Q86W54	SPATA24
Q86WP2	GPBP1
Q86X55	CARM1
Q86X83	COMMD2
Q86X95	CIRSR
Q86XF7	ZNF575
Q86XK3	SFR1
Q86Y25	ZNF354C
Q86Y97	KMT5C
Q86YD1	PTOV1
Q86YN6	PPARGC1B
Q86YP4	GATAD2A
Q86YW9	MED12L
Q86Z02	HIPK1
Q8HWS3	RFX6
Q8IU81	IRF2BP1
Q8IUF8	RIOX2
Q8IUM7	NPAS4
Q8IUR6	CREBRF
Q8IUX7	AEBP1
Q8IVH2	FOXP4
Q8IVP9	ZNF547
Q8IVW6	ARID3B
Q8IWA0	WDR75
Q8IWI9	MGA
Q8IWS0	PHF6
Q8IX03	WWC1
Q8IX07	ZFPM1
Q8IX12	CCAR1
Q8IX15	HOMEZ
Q8IXF0	NPAS3
Q8IXH6	TP53INP2
Q8IXH7	NELFCD
Q8IXJ6	SIRT2
Q8IXJ9	ASXL1
Q8IXP5	POU2AF2
Q8IXW5	RPAP2
Q8IY57	YAF2
Q8IYF1	ELOA2
Q8IYH5	ZZZ3
Q8IYI8	ZNF440
Q8IYM9	TRIM22
Q8IYU2	HACE1
Q8IZ20	ZNF683
Q8IZC7	ZNF101
Q8IZD2	KMT2E
Q8IZL2	MAML2
Q8IZQ8	MYOCD
Q8IZX4	TAF1L
Q8N0Y2	ZNF444
Q8N100	ATOH7
Q8N108	MIER1
Q8N140	EID3
Q8N163	CCAR2
Q8N187	CARF
Q8N196	SIX5
Q8N1G0	ZNF687
Q8N1L9	BATF2
Q8N2W9	PIAS4
Q8N344	MIER2
Q8N371	KDM8
Q8N488	RYBP
Q8N554	ZNF276
Q8N5A5	ZGPAT
Q8N5F7	NKAP
Q8N5P1	ZC3H8
Q8N5Y2	MSL3
Q8N668	COMMD1
Q8N680	ZBTB2
Q8N693	ESX1
Q8N6I1	EID2
Q8N720	ZNF655
Q8N726	CDKN2A
Q8N7H5	PAF1
Q8N7U7	TPRX1
Q8N895	ZNF366
Q8N8E2	ZNF513
Q8N9N2	ASCC1
Q8N9N5	BANP
Q8N9R8	SCAI
Q8NA42	ZNF383
Q8NAM6	ZSCAN4
Q8NAP3	ZBTB38
Q8NAP8	ZBTB8B
Q8NB12	SMYD1
Q8NB15	ZNF511
Q8NB78	KDM1B
Q8NBB4	ZSCAN1
Q8NBF1	GLIS1
Q8NBZ0	INO80E
Q8NC26	ZNF114
Q8NCP5	ZBTB44
Q8NDN9	RCBTB1
Q8NDP4	ZNF439
Q8NDQ6	ZNF540
Q8NDT2	RBM15B
Q8NEA6	GLIS3
Q8NEY8	PPHLN1
Q8NEZ4	KMT2C
Q8NF64	ZMIZ2
Q8NF99	ZNF397
Q8NFD5	ARID1B
Q8NFU7	TET1
Q8NFW5	DMBX1
Q8NFZ5	TNIP2
Q8NHM5	KDM2B
Q8NHV9	RHOXF1
Q8NHW3	MAFA
Q8NI08	NCOA7
Q8NI51	CTCFL
Q8TAK5	GABPB2
Q8TAK6	OLIG1
Q8TAP4	LMO3
Q8TAQ2	SMARCC2
Q8TAU3	ZNF417
Q8TAX0	OSR1
Q8TBC5	ZSCAN18
Q8TBE0	BAHD1
Q8TBZ8	ZNF564
Q8TD17	ZNF398
Q8TD23	ZNF675
Q8TD26	CHD6
Q8TDD1	DDX54
Q8TDD2	SP7
Q8TDG2	ACTRT1
Q8TDI0	CHD5
Q8TDR4	TCP10L
Q8TDY2	RB1CC1
Q8TE12	LMX1A
Q8TE85	GRHL3
Q8TED0	UTP15
Q8TEV9	SMCR8
Q8TEY5	CREB3L4
Q8TF47	ZFP90
Q8TF50	ZNF526
Q8TF63	DCANP1
Q8WTS6	SETD7
Q8WUB8	PHF10
Q8WUF5	PPP1R13L
Q8WUI4	HDAC7
Q8WUU4	ZNF296
Q8WVC0	LEO1
Q8WVJ9	TWIST2
Q8WVM0	TFB1M
Q8WW38	ZFPM2
Q8WWY6	MBD3L1
Q8WX92	NELFB
Q8WXF1	PSPC1
Q8WXF8	DEDD2
Q8WXI9	GATAD2B
Q8WXX7	AUTS2
Q8WY36	BBX
Q8WYA1	BMAL2
Q8WYB5	KAT6B
Q8WYH8	ING5
Q8WYK2	JDP2
Q92481	TFAP2B
Q92499	DDX1
Q92539	LPIN2
Q92541	RTF1
Q92570	NR4A3
Q92585	MAML1
Q92600	CNOT9
Q92618	ZNF516
Q92681	RSC1A1
Q92731	ESR2
Q92748	THRSP
Q92750	TAF4B
Q92753	RORB
Q92754	TFAP2C
Q92759	GTF2H4
Q92766	RREB1
Q92769	HDAC2
Q92782	DPF1
Q92784	DPF3
Q92785	DPF2
Q92786	PROX1
Q92793	CREBBP
Q92794	KAT6A
Q92800	EZH1
Q92826	HOXB13
Q92830	KAT2A
Q92831	KAT2B
Q92833	JARID2
Q92841	DDX17
Q92858	ATOH1
Q92886	NEUROG1
Q92908	GATA6
Q92922	SMARCC1
Q92925	SMARCD2
Q92945	KHSRP
Q92949	FOXJ1
Q92966	SNAPC3
Q92985	IRF7
Q92993	KAT5
Q92994	BRF1
Q93062	RBPMS
Q93074	MED12
Q969G2	LHX4
Q969J2	ZKSCAN4
Q969R5	L3MBTL2
Q969V6	MRTFA
Q969X6	UTP4
Q96A56	TP53INP1
Q96AE4	FUBP1
Q96AQ7	CIDEC
Q96AV8	E2F7
Q96AW1	VOPP1
Q96BA8	CREB3L1
Q96BD5	PHF21A
Q96BF6	NACC2
Q96BN2	TADA1
Q96BR6	ZNF669
Q96BR9	ZBTB8A
Q96C00	ZBTB9
Q96CJ1	EAF2
Q96CK0	ZNF653
Q96D98	EID2B
Q96DB2	HDAC11
Q96DT7	ZBTB10
Q96E29	MTERF3
Q96EB6	SIRT1
Q96EG3	ZNF837
Q96EK4	THAP11
Q96ES7	SGF29
Q96EZ8	MCRS1
Q96F24	NRBF2
Q96F45	ZNF503
Q96FC9	DDX11
Q96FV9	THOC1
Q96G25	MED8
Q96GC6	ZNF274
Q96GD3	SCMH1
Q96GN5	CDCA7L
Q96H20	SNF8
Q96H86	ZNF764
Q96HR3	MED30
Q96HZ4	HES6
Q96I24	FUBP3
Q96I76	GPATCH3
Q96IF1	AJUBA
Q96IQ9	ZNF414
Q96IS3	RAX2
Q96IT1	ZNF496
Q96IZ0	PAWR
Q96JB3	HIC2
Q96JC9	EAF1
Q96JG9	ZNF469
Q96JK9	MAML3
Q96JL9	ZNF333
Q96JM2	ZNF462
Q96JM7	L3MBTL3
Q96JN0	LCOR
Q96JP5	ZFP91
Q96K58	ZNF668
Q96K83	ZNF521
Q96KG9	SCYL1
Q96KM6	ZNF512B
Q96L73	NSD1
Q96LA8	PRMT6
Q96LI5	CNOT6L
Q96LI6	HSFY1; HSFY2
Q96LX8	ZNF597
Q96MH2	HEXIM2
Q96MM3	ZFP42
Q96MN9	ZNF488
Q96MX3	ZNF48
Q96N58	ZNF578
Q96N64	PWWP2A
Q96N77	ZNF641
Q96N95	ZNF396
Q96NL3	ZNF599
Q96NM4	TOX2
Q96NU1	SAMD11
Q96NZ1	FOXN4
Q96P20	NLRP3
Q96PK6	RBM14
Q96PM9	ZNF385A
Q96PN7	TRERF1
Q96PQ6	ZNF317
Q96QE5	TEFM
Q96QR8	PURB
Q96QS3	ARX
Q96QT6	PHF12
Q96RE7	NACC1
Q96RE9	ZNF300
Q96RI1	NR1H4
Q96RJ6	FERD3L
Q96RK0	CIC
Q96RL1	UIMC1
Q96RN5	MED15
Q96RS0	TGS1
Q96RU7	TRIB3
Q96RY5	CRAMP1
Q96S65	CSRNP1
Q96S94	CCNL2
Q96SF7	TBX15
Q96SQ5	ZNF587
Q96SQ7	ATOH8
Q96ST2	IWS1
Q96ST3	SIN3A
Q96SZ4	ZSCAN10
Q96T23	RSF1
Q96T58	SPEN
Q96T76	MMS19
Q96T88	UHRF1
Q99081	TCF12
Q99417	MYCBP
Q99453	PHOX2B
Q99459	CDC5L
Q99466	NOTCH4
Q99496	RNF2
Q99502	EYA1
Q99504	EYA3
Q99543	DNAJC2
Q99549	MPHOSPH8
Q99551	MTERF1
Q99581	FEV
Q99583	MNT
Q99592	ZBTB18
Q99593	TBX5
Q99594	TEAD3
Q99607	ELF4
Q99608	NDN
Q99612	KLF6
Q99623	PHB2
Q99626	CDX2
Q99684	GFI1
Q99717	SMAD5
Q99732	LITAF
Q99743	NPAS2
Q99801	NKX3-1
Q99814	EPAS1
Q99829	CPNE1
Q99853	FOXB1
Q99856	ARID3A
Q99909	SSX3
Q99941	ATF6B
Q99958	FOXC2
Q99966	CITED1
Q99967	CITED2
Q99990	VGLL1
Q9BPY8	HOPX
Q9BQ70	TCF25
Q9BQ87	TBL1Y
Q9BQA5	HINFP
Q9BQG0	MYBBP1A
Q9BQW3	EBF4
Q9BR39	JPH2
Q9BRG1	VPS25
Q9BRJ9	MESP1
Q9BRP0	OVOL2
Q9BRR0	ZKSCAN3
Q9BS34	ZNF670
Q9BSG1	ZNF2
Q9BSK1	ZNF577
Q9BSM1	PCGF1
Q9BT49	THAP7
Q9BT81	SOX7
Q9BTA9	WAC
Q9BTK6	PAGR1
Q9BTT4	MED10
Q9BU19	ZNF692
Q9BUA3	SPINDOC
Q9BUE0	MED18
Q9BUJ2	HNRNPUL1
Q9BUY5	ZNF426
Q9BVI0	PHF20
Q9BW11	MXD3
Q9BWH2	FUNDC2
Q9BWT1	CDCA7
Q9BWW4	SSBP3
Q9BWW7	SCRT1
Q9BWX5	GATA5
Q9BXA9	SALL3
Q9BXJ9	NAA15
Q9BXP5	SRRT
Q9BY41	HDAC8
Q9BY66	KDM5D
Q9BYE0	HES7
Q9BYE7	PCGF6
Q9BYH8	NFKBIZ
Q9BYK8	HELZ2
Q9BYN7	ZNF341
Q9BYU1	PBX4
Q9BYV9	BACH2
Q9BYW2	SETD2
Q9BZ95	NSD3
Q9BZE0	GLIS2
Q9BZK7	TBL1XR1
Q9BZM3	GSX2
Q9BZS1	FOXP3
Q9C005	DPY30
Q9C086	INO80B
Q9C0A1	ZFHX2
Q9C0A6	SETD5
Q9C0C6	CIPC
Q9C0C7	AMBRA1
Q9C0F0	ASXL3
Q9C0F3	ZNF436
Q9C0G0	ZNF407
Q9C0J9	BHLHE41
Q9C0K0	BCL11B
Q9GZN1	ACTR6
Q9GZN2	TGIF2
Q9GZQ3	COMMD5
Q9GZS3	SKIC8
Q9GZT3	SLIRP
Q9GZV5	WWTR1
Q9GZV8	PRDM14
Q9GZX5	ZNF350
Q9H063	MAF1
Q9H0A8	COMMD4
Q9H0D2	ZNF541
Q9H0D6	XRN2
Q9H0E3	SAP130
Q9H0E9	BRD8
Q9H116	GZF1
Q9H147	DNTTIP1
Q9H160	ING2
Q9H161	ALX4
Q9H165	BCL11A
Q9H1I8	ASCC2
Q9H204	MED28
Q9H2C1	LHX5
Q9H2F5	EPC1
Q9H2G4	TSPYL2
Q9H2P0	ADNP
Q9H2S9	IKZF4
Q9H2U1	DHX36
Q9H2W2	MIXL1
Q9H2X6	HIPK2
Q9H307	PNN
Q9H334	FOXP1
Q9H3D4	TP63
Q9H3M7	TXNIP
Q9H3M9	ATXN3L
Q9H3P2	NELFA
Q9H3R0	KDM4C
Q9H422	HIPK3
Q9H4I2	ZHX3
Q9H4Q3	PRDM13
Q9H4Q4	PRDM12
Q9H4T2	ZSCAN16
Q9H4W6	EBF3
Q9H4Z2	ZNF335
Q9H511	KLHL31
Q9H582	ZNF644
Q9H583	HEATR1
Q9H5H4	ZNF768
Q9H5I1	SUV39H2
Q9H5J8	TAF1D
Q9H5Q4	TFB2M
Q9H5V7	IKZF5
Q9H6I2	SOX17
Q9H6U6	BCAS3
Q9H6W3	RIOX1
Q9H707	ZNF552
Q9H7L9	SUDS3
Q9H7S9	ZNF703
Q9H7X3	ZNF696
Q9H7Z6	KAT8
Q9H808	TLE6
Q9H869	YY1AP1
Q9H8H0	NOL11
Q9H8M2	BRD9
Q9H8N7	ZNF395
Q9H944	MED20
Q9H981	ACTR8
Q9H9A5	CNOT10
Q9H9C1	VIPAS39
Q9H9D4	ZNF408
Q9H9F9	ACTR5
Q9H9S0	NANOG
Q9HAF1	MEAF6
Q9HAJ7	SAP30L
Q9HAK2	EBF2
Q9HAP2	MLXIP
Q9HAW0	BRF2
Q9HAZ2	PRDM16
Q9HB58	SP110
Q9HB65	ELL3
Q9HBE1	PATZ1
Q9HBM6	TAF9B
Q9HBT8	ZNF286A
Q9HBZ2	ARNT2
Q9HC52	CBX8
Q9HC78	ZBTB20
Q9HCD5	NCOA5
Q9HCE1	MOV10
Q9HCK0	ZBTB26
Q9HCK8	CHD8
Q9HCS4	TCF7L1
Q9HCU5	PREB
Q9HCU9	BRMS1
Q9HCX3	ZNF304
Q9HD15	SRA1
Q9HD42	CHMP1A
Q9HD90	NEUROD4
Q9NP08	HMX1
Q9NP62	GCM1
Q9NP66	HMG20A
Q9NP71	MLXIPL
Q9NPA8	ENY2
Q9NPC7	MYNN
Q9NPF5	DMAP1
Q9NPI1	BRD7
Q9NPJ4	PNRC2
Q9NPJ6	MED4
Q9NQ33	ASCL3
Q9NQ87	HEYL
Q9NQ92	COPRS
Q9NQB0	TCF7L2
Q9NQG5	RPRD1B
Q9NQL9	DMRT3
Q9NQR1	KMT5A
Q9NQV5	PRDM11
Q9NQV6	PRDM10
Q9NQV7	PRDM9
Q9NQV8	PRDM8
Q9NQX0	PRDM6
Q9NQX1	PRDM5
Q9NQZ8	ZNF71
Q9NR11	ZNF302
Q9NR19	ACSS2
Q9NR48	ASH1L
Q9NR55	BATF3
Q9NR83	SLC2A4RG
Q9NRC8	SIRT7
Q9NRE2	TSHZ2
Q9NRG4	SMYD2
Q9NRL2	BAZ1A
Q9NRY4	ARHGAP35
Q9NRZ9	HELLS
Q9NS37	CREBZF
Q9NSC2	SALL1
Q9NSD4	ZNF275
Q9NSI6	BRWD1
Q9NT68	TENM2
Q9NTW7	ZFP64
Q9NU39	FOXD4L1
Q9NU63	ZFP57
Q9NUQ3	TXLNG
Q9NV56	MRGBP
Q9NVC6	MED17
Q9NVM4	PRMT7
Q9NVP2	ASF1B
Q9NVV9	THAP1
Q9NVW2	RLIM
Q9NWB6	ARGLU1
Q9NWB7	IFT57
Q9NWH9	SLTM
Q9NWS0	PIH1D1
Q9NWS9	ZNF446
Q9NWT6	HIF1AN
Q9NX08	COMMD8
Q9NX58	LYAR
Q9NX63	CHCHD3
Q9NX65	ZSCAN32
Q9NX70	MED29
Q9NXR8	ING3
Q9NXW9	ALKBH4
Q9NYB0	TERF2IP
Q9NYD6	HOXC10
Q9NYF8	BCLAF1
Q9NYV6	RRN3
Q9NYW8	RBAK
Q9NZ81	PRR13
Q9NZC4	EHF
Q9NZI5	GRHL1
Q9NZI6	TFCP2L1
Q9NZI7	UBP1
Q9NZL3	ZNF224
Q9NZN8	CNOT2
Q9NZR4	VSX1
Q9NZU5	LMCD1
Q9NZV7	ZIM2
Q9P000	COMMD9
Q9P086	MED11
Q9P0K8	FOXJ2
Q9P0L1	ZKSCAN7
Q9P0P8	MTRES1
Q9P0T4	ZNF581
Q9P0U4	CXXC1
Q9P0W2	HMG20B
Q9P1T7	MDFIC
Q9P1Z0	ZBTB4
Q9P1Z2	CALCOCO1
Q9P243	ZFAT
Q9P2D1	CHD7
Q9P2F9	ZNF319
Q9P2K3	RCOR3
Q9P2R6	RERE
Q9P2Y4	ZNF219
Q9UBB5	MBD2
Q9UBC0	ONECUT1
Q9UBD0	HSFX1; HSFX2
Q9UBE8	NLK
Q9UBI1	COMMD3
Q9UBK2	PPARGC1A
Q9UBK9	UXT
Q9UBL3	ASH2L
Q9UBN7	HDAC6
Q9UBP5	HEY2
Q9UBR4	LHX3
Q9UBS8	RNF14
Q9UBU8	MORF4L1
Q9UBW7	ZMYM2
Q9UBX0	HESX1
Q9UBX2	DUX4
Q9UC07	ZNF69
Q9UDV6	ZNF212
Q9UEG4	ZNF629
Q9UER7	DAXX
Q9UFB7	ZBTB47
Q9UFF9	CNOT8
Q9UFW8	CGGBP1
Q9UGL1	KDM5B
Q9UGP4	LIMD1
Q9UGU0	TCF20
Q9UH73	EBF1
Q9UH92	MLX
Q9UHB7	AFF4
Q9UHF7	TRPS1
Q9UHJ3	SFMBT1
Q9UHL9	GTF2IRD1
Q9UHR5	SAP30BP
Q9UHV2	SERTAD1
Q9UHV7	MED13
Q9UHX1	PUF60
Q9UI36	DACH1
Q9UI95	MAD2L2
Q9UID6	ZNF639
Q9UIF8	BAZ2B
Q9UIF9	BAZ2A
Q9UIG0	BAZ1B
Q9UIH9	KLF15
Q9UIL8	PHF11
Q9UIS9	MBD1
Q9UIU6	SIX4
Q9UIV1	CNOT7
Q9UIW0	VAX2
Q9UJ55	MAGEL2
Q9UJ78	ZMYM5
Q9UJL9	ZFP69B
Q9UJQ4	SALL4
Q9UJU2	LEF1
Q9UJU5	FOXD3
Q9UJW8	ZNF180
Q9UJW9	SERTAD3
Q9UK33	ZNF580
Q9UK58	CCNL1
Q9UK61	TASOR
Q9UK80	USP21
Q9UKD1	GMEB2
Q9UKI9	POU2F3
Q9UKL0	RCOR1
Q9UKL3	CASP8AP2
Q9UKM9	RALY
Q9UKN5	PRDM4
Q9UKS7	IKZF2
Q9UKT9	IKZF3
Q9UKU7	ACAD8
Q9UKV0	HDAC9
Q9UKV8	AGO2
Q9UKW6	ELF5
Q9UKY1	ZHX1
Q9UKZ4	TENM1
Q9UL17	TBX21
Q9UL18	AGO1
Q9UL49	TCFL5
Q9UL68	MYT1L
Q9ULC4	MCTS1
Q9ULD5	ZNF777
Q9ULE0	WWC3
Q9ULH7	MRTFB
Q9ULJ3	ZBTB21
Q9ULJ6	ZMIZ1
Q9ULK4	MED23
Q9ULM2	ZNF490
Q9ULM6	CNOT6
Q9ULU4	ZMYND8
Q9ULV5	HSF4
Q9ULW3	ABT1
Q9ULX6	AKAP8L
Q9ULX9	MAFF
Q9UM07	PADI4
Q9UM47	NOTCH3
Q9UM63	PLAGL1
Q9UMN6	KMT2B
Q9UMQ3	BARX2
Q9UMR3	TBX20
Q9UN42	ATP1B4
Q9UN79	SOX13
Q9UNN4	GTF2A1L
Q9UNS1	TIMELESS
Q9UNY4	TTF2
Q9UNY5	ZNF232
Q9UPG8	PLAGL2
Q9UPM6	LHX6
Q9UPN6	SCAF8
Q9UPN9	TRIM33
Q9UPP1	PHF8
Q9UPS6	SETD1B
Q9UPT8	ZC3H4
Q9UPT9	USP22
Q9UPW6	SATB2
Q9UQ80	PA2G4
Q9UQB3	CTNND2
Q9UQL6	HDAC5
Q9UQR0	SCML2
Q9UQR1	ZNF148
Q9Y222	DMTF1
Q9Y224	RTRAF
Q9Y230	RUVBL2
Q9Y232	CDYL
Q9Y242	TCF19
Q9Y261	FOXA2
Q9Y265	RUVBL1
Q9Y294	ASF1A
Q9Y2D1	ATF5
Q9Y2D9	ZNF652
Q9Y2F5	ICE1
Q9Y2G1	MYRF
Q9Y2G9	SBNO2
Q9Y2K1	ZBTB1
Q9Y2K7	KDM2A
Q9Y2N7	HIF3A
Q9Y2P0	ZNF835
Q9Y2P7	ZNF256
Q9Y2V3	RAX
Q9Y2W1	THRAP3
Q9Y2W7	KCNIP3
Q9Y2X0	MED16
Q9Y2X9	ZNF281
Q9Y2Y4	ZBTB32
Q9Y2Y9	KLF13
Q9Y3C7	MED31
Q9Y3M9	ZNF337
Q9Y3Q8	TSC22D4
Q9Y3T9	NOC2L
Q9Y3Y2	CHTOP
Q9Y458	TBX22
Q9Y462	ZNF711
Q9Y466	NR2E1
Q9Y467	SALL2
Q9Y468	L3MBTL1
Q9Y473	ZNF175
Q9Y4A5	TRRAP
Q9Y4A8	NFE2L3
Q9Y4B6	DCAF1
Q9Y4C1	KDM3A
Q9Y4E5	ZNF451
Q9Y4K0	LOXL2
Q9Y4X4	KLF12
Q9Y4Z2	NEUROG3
Q9Y5A6	ZSCAN21
Q9Y5J3	HEY1
Q9Y5K5	UCHL5
Q9Y5Q3	MAFB
Q9Y5R5	DMRT2
Q9Y5R6	DMRT1
Q9Y5T5	USP16
Q9Y5W3	KLF2
Q9Y5X4	NR2E3
Q9Y603	ETV7
Q9Y618	NCOR2
Q9Y692	GMEB1
Q9Y6B2	EID1
Q9Y6G5	COMMD10
Q9Y6J9	TAF6L
Q9Y6K9	IKBKG
Q9Y6Q9	NCOA3
Q9Y6X2	PIAS3
Q9Y6X8	ZHX2
Q9Y6Y1	CAMTA1
A6NF83	NUPR2
A6NFD8	HELT
A6NJ46	NKX6-3
A6NLW8	DUXA
C0HLU2	ZNF689
E9PAV3	NACA
O00570	SOX1
O15090	ZNF536
O43345	ZNF208
O43365	HOXA3
O43638	FOXS1
O43763	TLX2
O43812	DUX1
O60224	SSX4; SSX4B
O60225	SSX5
O60422	ONECUT3
O60765	ZNF354A
O75123	ZNF623
O75346	ZNF253
O75437	ZNF254
O75541	ZNF821
O75764	TCEA3
O75820	ZNF189
O95076	ALX3
O95096	NKX2-2
O95625	ZBTB11
O95780	ZNF682
P08048	ZFY
P09630	HOXC6
P10072	ZNF875
P15621	ZNF44
P17019	ZNF708
P17022	ZNF18
P17025	ZNF182
P17026	ZNF22
P17029	ZKSCAN1
P17031	ZNF26
P17032	ZNF37A
P17035	ZNF28
P17038	ZNF43
P17039	ZNF30
P17097	ZNF7
P17098	ZNF8
P17481	HOXB8
P21506	ZNF10
P31267	HOXA6
P31277	HOXD11
P32314	FOXN2
P49750	YLPM1
P51504	ZNF80
P51508	ZNF81
P51522	ZNF83
P51815	ZNF75D
P52737	ZNF136
P52741	ZNF134
P52746	ZNF142
P52951	GBX2
P58317	ZNF121
P81133	SIM1
P82970	HMGN5
P98169	ZXDB
Q02386	ZNF45
Q03701	CEBPZ
Q03936	ZNF92
Q06732	ZNF33B
Q08ER8	ZNF543
Q0D2J5	ZNF763
Q12796	PNRC1
Q12872	SFSWAP
Q12901	ZNF155
Q12950	FOXD4
Q13106	ZNF154
Q13398	ZNF211
Q13506	NAB1
Q14582	MXD4
Q14590	ZNF235
Q14593	ZNF273
Q14929	ZNF169
Q15361	TTF1
Q15847	ADIRF
Q15935	ZNF77
Q15937	ZNF79
Q17RH7	TPRXL
Q2M3X9	ZNF674
Q32M78	ZNF699
Q3B8N5	PROX2
Q3SY52	ZIK1
Q3ZCT1	ZNF260
Q3ZCX4	ZNF568
Q4G112	HSF5
Q52LR7	EPC2
Q53GI3	ZNF394
Q5FWF6	ZNF789
Q5H9L4	TAF7L
Q5JT82	KLF17
Q5M9Q1	NKAPL
Q5QGS0	NEXMIF
Q5SZJ8	BEND6
Q5TC79	ZBTB37
Q5TEC3	ZNF697
Q5TYW1	ZNF658
Q5U623	ATF7IP2
Q5VVH5	IRAK1BP1
Q5VZB9	DMRTA1
Q63HK3	ZKSCAN2
Q68DY1	ZNF626
Q6AZW8	ZNF660
Q6ECI4	ZNF470
Q6IQ32	ADNP2
Q6IV72	ZNF425
Q6NSZ9	ZSCAN25
Q6P1K8	GTF2H2C; GTF2H2C_2
Q6PF04	ZNF613
Q6PJQ5	FOXR2
Q6SJ96	TBPL2
Q6T310	RASL11A
Q6VUC0	TFAP2E
Q6XYB7	LBX2
Q6ZN11	ZNF793
Q6ZN28	MACC1
Q6ZS27	ZNF662
Q6ZSZ6	TSHZ1
Q7L3S4	ZNF771
Q7RTS1	BHLHA15
Q7RTU5	ASCL5
Q7RTV3	ZNF367
Q7Z340	ZNF551
Q7Z398	ZNF550
Q7Z7J5	DPPA2
Q7Z7L9	ZSCAN2
Q86TJ5	ZNF554
Q86UE3	ZNF546
Q86UP8	GTF2IRD2
Q86UZ6	ZBTB46
Q86YE8	ZNF573
Q86YH2	ZNF280B
Q8IUE0	TGIF2LY
Q8IUE1	TGIF2LX
Q8IWY8	ZSCAN29
Q8IXZ3	SP8
Q8IYN2	TCEAL8
Q8IYX0	ZNF679
Q8IZ26	ZNF34
Q8N365	CIART
Q8N393	ZNF786
Q8N3J9	ZNF664
Q8N3X6	LCORL
Q8N7K0	ZNF433
Q8N7M2	ZNF283
Q8N7R0	NANOGP1
Q8N823	ZNF611
Q8N859	ZNF713
Q8N883	ZNF614
Q8N8G2	VGLL2
Q8N8J6	ZNF615
Q8N8L2	ZNF491
Q8N8Y5	ZFP41
Q8N8Z8	ZNF441
Q8N988	ZNF557
Q8NA19	L3MBTL4
Q8NAF0	ZNF579
Q8NCA9	ZNF784
Q8NCK3	ZNF485
Q8NCN2	ZBTB34
Q8ND82	ZNF280C
Q8NEF9	SRFBP1
Q8NEP9	ZNF555
Q8NFJ8	BHLHE22
Q8NHY6	ZFP28
Q8TAQ5	ZNF420
Q8TBJ5	FEZF2
Q8TBZ5	ZNF502
Q8TC21	ZNF596
Q8TD94	KLF14
Q8TF39	ZNF483
Q8TF45	ZNF418
Q8TF68	ZNF384
Q8WUH1	CHURC1
Q8WV37	ZNF480
Q8WXB4	ZNF606
Q8WYN3	CSRNP3
Q92610	ZNF592
Q92664	GTF3A
Q969W8	ZNF566
Q96BV0	ZNF775
Q96C28	ZNF707
Q96CX3	ZNF501
Q96EK7	FAM120B
Q96HQ0	ZNF419
Q96I27	ZNF625
Q96JC4	ZNF479
Q96LW9	ZSCAN31
Q96MA1	DMRTB1
Q96ME7	ZNF512
Q96MU6	ZNF778
Q96NG5	ZNF558
Q96NX9	DACH2
Q96PE6	ZIM3
Q96RK1	CITED4
Q96SE7	ZNF347
Q96SK3	ZNF607
Q96SR6	ZNF382
Q99742	NPAS1
Q9BR84	ZNF559
Q9BS31	ZNF649
Q9BTP6	ZBED2
Q9BUG6	ZSCAN5A
Q9BWM5	ZNF416
Q9BX82	ZNF471
Q9BXG8	SPZ1
Q9BXK1	KLF16
Q9C009	FOXQ1
Q9GZP4	PITHD1
Q9GZZ0	HOXD1
Q9H091	ZMYND15
Q9H175	CSRNP2
Q9H2A3	NEUROG2
Q9H4S2	GSX1
Q9H501	ESF1
Q9H609	ZNF576
Q9H7R0	ZNF442
Q9H7R5	ZNF665
Q9H8Y1	VRTN
Q9HBU1	BARX1
Q9HC44	GPBP1L1
Q9HCC6	HES4
Q9HCG1	ZNF160
Q9NQ03	SCRT2
Q9NQX6	ZNF331
Q9NRM2	ZNF277
Q9NUA8	ZBTB40
Q9NV72	ZNF701
Q9NWA0	MED9
Q9NX45	SOHLH2
Q9P031	CCDC59
Q9P2J8	ZNF624
Q9UBG7	RBPJL
Q9UDV7	ZNF282
Q9UIE0	ZNF230
Q9UJU3	ZNF112
Q9UJW7	ZNF229
Q9UK11	ZNF223
Q9UK13	ZNF221
Q9UKZ1	CNOT11
Q9UL36	ZNF236
Q9UL58	ZNF215
Q9UN30	SCML1
Q9UPW0	FOXJ3
Q9Y2A4	ZNF443
Q9Y2L8	ZKSCAN5
Q9Y330	ZBTB12
Q9Y543	HES2
Q9Y5B6	PAXBP1
Q9Y651	SOX21
Q9Y6Q3	ZFP37
A0A1W2PPD8	KDM4F
A0A1W2PPM1	CPHXL
A0A2Z4LIS9	FOXO3B
A0A455ZAR2	LINC-PINT
A2RRD8	ZNF320
A2RU54	HMX2
A6NDX5	ZNF840P
A6NFI3	ZNF316
A6NFQ7	DPRX
A6NGD5	ZSCAN5C
A6NHJ4	ZNF860
A6NHT5	HMX3
A6NJG6	ARGFX
A6NJL1	ZSCAN5B
A6NJT0	UNCX
A6NK53	ZNF233
A6NK75	ZNF98
A6NM28	ZFP92
A6NN14	ZNF729
A6NNA5	DRGX
A6NNF4	ZNF726
A6NP11	ZNF716
A8MUV8	ZNF727
A8MWA4	ZNF705EP
A8MXY4	ZNF99
A8MYZ6	FOXO6
B1APH4	ZNF487
B2RXH4	BTBD18
B4DU55	ZNF879
C9JSJ3	MEIOSIN
O00110	OVOL3
O14709	ZNF197
O14753	OVOL1
O43361	ZNF749
O60290	ZNF862
O75290	ZNF780A
O75333	TBX10
O75373	ZNF737
O75467	ZNF324
P0C6A0	ZGLP1
P0C860	MSL3B
P0CG40	SP9
P0CJ79	ZNF888
P0DV77	TPRX2
P16415	ZNF823
P17017	ZNF14
P31275	HOXC12
P51523	ZNF84
P51786	ZNF157
P52740	ZNF132
P52743	ZNF137P
Q03924	ZNF117
Q03938	ZNF90
Q08AN1	ZNF616
Q0VGE8	ZNF816
Q14549	GBX1
Q14586	ZNF267
Q14588	ZNF234
Q147U1	ZNF846
Q16559	TAL2
Q17RG1	KCTD19
Q2M218	ZNF630
Q2M3W8	ZNF181
Q2VY69	ZNF284
Q3C1V8	BSX
Q3KNW1	SNAI3
Q3KP31	ZNF791
Q3MIS6	ZNF528
Q3SXZ3	ZNF718
Q494X3	ZNF404
Q499Z4	ZNF672
Q49AA0	ZFP69
Q52M93	ZNF585B
Q5CZA5	ZNF805
Q5EBL2	ZNF628
Q5EBM4	ZNF542P
Q5HY98	ZNF766
Q5HYK9	ZNF667
Q5HYR2	DMRTC1; DMRTC1B
Q5JNZ3	ZNF311
Q5JVG2	ZNF484
Q5JVG8	ZNF506
Q5MCW4	ZNF569
Q5SV97	PERM1
Q5SVQ8	ZBTB41
Q5SXM1	ZNF678
Q5T0B9	ZNF362
Q5T5D7	ZNF684
Q5TGS1	HES3
Q5VIY5	ZNF468
Q5VYV0	FOXB2
Q68DI1	ZNF776
Q68DY9	ZNF772
Q6AHZ1	ZNF518A
Q6AW86	ZNF324B
Q6BEB4	SP5
Q6DD87	ZNF787
Q6EKJ0	GTF2IRD2B
Q6IPX3	TCEAL6
Q6IQ21	ZNF770
Q6NT89	TRNP1
Q6NX49	ZNF544
Q6P280	ZNF529
Q6P3V2	ZNF585A
Q6P9A1	ZNF530
Q6P9A3	ZNF549
Q6PG37	ZNF790
Q6PK81	ZNF773
Q6V9R5	ZNF562
Q6ZMW2	ZNF782
Q6ZMY9	ZNF517
Q6ZN01	MAMSTR
Q6ZN06	ZNF813
Q6ZN19	ZNF841
Q6ZN32	ETV3L
Q6ZN79	ZNF705A
Q6ZNA1	ZNF836
Q6ZNC4	ZNF704
Q6ZNG1	ZNF600
Q6ZR52	ZNF493
Q6ZRF7	ZNF818P
Q6ZSS3	ZNF621
Q6ZV50	RFX8
Q76KX8	ZNF534
Q7L945	ZNF627
Q7RTT3	SSX9P
Q7RTT4	SSX8P
Q7RTT5	SSX7
Q7RTT6	SSX6P
Q7RTU0	TCF24
Q7Z3V5	ZNF571
Q7Z7K2	ZNF467
Q86T29	ZNF605
Q86V71	ZNF429
Q86WZ6	ZNF227
Q86XN6	ZNF761
Q86XU0	ZNF677
Q8IVC4	ZNF584
Q8IXT2	DMRTC2
Q8IYB9	ZNF595
Q8IYN0	ZNF100
Q8IZ40	RCOR2
Q8IZM8	ZNF654
Q8N0Z2	ABRA
Q8N141	ZFP82
Q8N184	ZNF567
Q8N1W2	ZNF710
Q8N228	SCML4
Q8N2I2	ZNF619
Q8N587	ZNF561
Q8N5J4	SPIC
Q8N782	ZNF525
Q8N7G0	POU5F2
Q8N7Q3	ZNF676
Q8N972	ZNF709
Q8N9F8	ZNF454
Q8N9K5	ZNF565
Q8N9Z0	ZNF610
Q8NB42	ZNF527
Q8NB50	ZFP62
Q8NDW4	ZNF248
Q8NDX6	ZNF740
Q8NDY6	BHLHE23
Q8NE65	ZNF738
Q8NEK5	ZNF548
Q8NEM1	ZNF680
Q8TA94	ZNF563
Q8TAF7	ZNF461
Q8TAU0	NKX2-3
Q8TAW3	ZNF671
Q8TB69	ZNF519
Q8TCN5	ZNF507
Q8TEE9	SAP25
Q8TF20	ZNF721
Q8TF32	ZNF431
Q8WUY8	NAT14
Q8WXT5	FOXD4L4
Q8WZ33	MAFIP
Q92670	ZNF75CP
Q96CS4	ZNF689
Q96EI5	TCEAL4
Q96GE5	ZNF799
Q96H40	ZNF486
Q96JF6	ZNF594
Q96K62	ZBTB45
Q96K75	ZNF514
Q96LW1	ZNF354B
Q96MR9	ZNF560
Q96N20	ZNF75A
Q96N22	ZNF681
Q96N38	ZNF714
Q96ND8	ZNF583
Q96NG8	ZNF582
Q96NI8	ZNF570
Q96NJ3	ZNF285
Q96NJ6	ZFP3
Q96NK8	NEUROD6
Q96SL8	FIZ1
Q96T92	INSM2
Q99676	ZNF184
Q9BQI9	NRIP2
Q9BRH9	ZNF251
Q9BRU2	TCEAL7
Q9BXU3	TEX13A
Q9BY31	ZNF717
Q9BZE3	BARHL1
Q9C0D4	ZNF518B
Q9H0M5	ZNF700
Q9H3H9	TCEAL2
Q9H5J0	ZBTB3
Q9H8G1	ZNF430
Q9H963	ZNF702P
Q9HAH1	ZNF556
Q9HB31	SEBOX
Q9HBT7	ZNF287
Q9HCE3	ZNF532
Q9HCL3	ZFP14
Q9HCZ1	ZNF334
Q9NSJ1	ZNF355P
Q9NVM6	DNAJC17
Q9NW07	ZNF358
Q9NXT0	ZNF586
Q9NY43	BARHL2
Q9NYT6	ZNF226
Q9P255	ZNF492
Q9UC06	ZNF70
Q9UII5	ZNF107
Q9UJN7	ZNF391
Q9UK10	ZNF225
Q9UK12	ZNF222
Q9UL59	ZNF214
Q9ULD9	ZNF608
Q9Y2G7	ZFP30
Q9Y2H8	ZNF510
Q9Y2Q1	ZNF257
A0A1B0GTS1	HSFX4
A0A1B0GWH4	HSFX3
A0A1W2PQ73	ERFL
A0A1W2PQL4	ZNF722
A0A5F9ZHS7	NFILZ
A6NDZ8	MBD3L4
A6NE82	MBD3L3
A8MQ14	ZNF850
A8MT65	ZNF891
A8MTY0	ZNF724
A8MUZ8	ZNF705G
B4DX44	ZNF736
B4DXR9	ZNF732
C9JN71	ZNF878
P0CB33	ZNF735
P0CG00	ZSCAN5DP
P0CG24	ZNF883
P0CG31	ZNF286B
P0CH99	ZNF705D
P0CI00	ZNF705B
P0CJ78	ZNF865
P0CJ85	DUX4L2
P0CJ86	DUX4L3
P0CJ87	DUX4L4
P0CJ88	DUX4L5
P0CJ89	DUX4L6
P0CJ90	DUX4L7
P0DPD5	ZNF723
Q49A33	ZNF876P
Q4V348	ZNF658B
Q5H9L2	TCEAL5
Q5VV16	FOXD4L5
Q6ZMV8	ZNF730
Q6ZN08	ZNF66
Q6ZQN5	FOXI2
Q6ZT77	ZNF826P
Q8N8C0	ZNF781
Q969E4	TCEAL3
Q96IR2	ZNF845
Q9UHQ7	TCEAL9
Q9Y6R6	ZNF780B
