GM12878	ENCFF697HYA	/experiments/ENCSR466AZX/	/files/ENCFF697HYA/@@download/ENCFF697HYA.tsv	46568	[1]
GM12878	ENCFF652ODI	/experiments/ENCSR770HBF/	/files/ENCFF652ODI/@@download/ENCFF652ODI.tsv	47049	[2]
HepG2	ENCFF671ZNH	/experiments/ENCSR730NEO/	/files/ENCFF671ZNH/@@download/ENCFF671ZNH.tsv	46827	[2]
HepG2	ENCFF161OLK	/experiments/ENCSR730NEO/	/files/ENCFF161OLK/@@download/ENCFF161OLK.tsv	47017	[1]
K562	ENCFF445FDO	/experiments/ENCSR638BGL/	/files/ENCFF445FDO/@@download/ENCFF445FDO.tsv	46956	[1]
K562	ENCFF467CBW	/experiments/ENCSR569QVM/	/files/ENCFF467CBW/@@download/ENCFF467CBW.tsv	47163	[2]
HCT116	ENCFF025FWJ	/experiments/ENCSR436ZRS/	/files/ENCFF025FWJ/@@download/ENCFF025FWJ.tsv	46983	[1]
HCT116	ENCFF572XTJ	/experiments/ENCSR650SEP/	/files/ENCFF572XTJ/@@download/ENCFF572XTJ.tsv	46648	[1]
MCF-7	ENCFF493QIX	/experiments/ENCSR155IQU/	/files/ENCFF493QIX/@@download/ENCFF493QIX.tsv	46679	[1]
MCF-7	ENCFF806AZX	/experiments/ENCSR343HIX/	/files/ENCFF806AZX/@@download/ENCFF806AZX.tsv	46715	[2]
IMR-90	ENCFF221TXA	/experiments/ENCSR123QKC/	/files/ENCFF221TXA/@@download/ENCFF221TXA.tsv	46756	[1]
H1	ENCFF851ANC	/experiments/ENCSR588ZRK/	/files/ENCFF851ANC/@@download/ENCFF851ANC.tsv	46503	[3]
H1	ENCFF379DIZ	/experiments/ENCSR588ZRK/	/files/ENCFF379DIZ/@@download/ENCFF379DIZ.tsv	46211	[2]
HL-60	ENCFF574EPF	/experiments/ENCSR350OBF/	/files/ENCFF574EPF/@@download/ENCFF574EPF.tsv	46737	[3]
HL-60	ENCFF596FVR	/experiments/ENCSR350OBF/	/files/ENCFF596FVR/@@download/ENCFF596FVR.tsv	46610	[2]
A673	ENCFF392ZGJ	/experiments/ENCSR982DED/	/files/ENCFF392ZGJ/@@download/ENCFF392ZGJ.tsv	47125	[2]
A673	ENCFF420OMK	/experiments/ENCSR982DED/	/files/ENCFF420OMK/@@download/ENCFF420OMK.tsv	47499	[1]
Caco-2	ENCFF419EMB	/experiments/ENCSR638OIX/	/files/ENCFF419EMB/@@download/ENCFF419EMB.tsv	47016	[2]
Caco-2	ENCFF631TZS	/experiments/ENCSR638OIX/	/files/ENCFF631TZS/@@download/ENCFF631TZS.tsv	47146	[1]
PC-3	ENCFF585ZQW	/experiments/ENCSR387TQN/	/files/ENCFF585ZQW/@@download/ENCFF585ZQW.tsv	46714	[1]
Panc1	ENCFF065WRR	/experiments/ENCSR086DQY/	/files/ENCFF065WRR/@@download/ENCFF065WRR.tsv	46903	[1]
